question_id,label
114678,suicidal
116349,non-suicidal
108590,non-suicidal
100709,suicidal
120766,non-suicidal
126063,suicidal
102524,non-suicidal
113320,suicidal
105981,non-suicidal
120977,non-suicidal
109347,suicidal
115047,suicidal
113915,suicidal
123871,suicidal
111339,non-suicidal
112269,suicidal
112264,suicidal
118644,suicidal
105827,suicidal
119006,non-suicidal
104472,non-suicidal
114374,suicidal
127075,suicidal
112174,suicidal
119909,suicidal
116331,non-suicidal
105713,non-suicidal
117036,suicidal
102450,suicidal
116094,non-suicidal
103011,suicidal
125522,non-suicidal
111372,non-suicidal
117352,non-suicidal
109978,non-suicidal
114215,suicidal
112449,non-suicidal
122444,non-suicidal
105672,suicidal
100003,suicidal
116008,suicidal
105077,non-suicidal
104785,suicidal
125076,non-suicidal
103873,non-suicidal
113229,suicidal
111429,suicidal
104780,suicidal
115390,suicidal
111068,non-suicidal
121834,suicidal
118682,non-suicidal
119439,suicidal
106072,non-suicidal
123925,suicidal
118194,suicidal
119429,suicidal
113185,non-suicidal
108292,suicidal
125956,non-suicidal
122729,suicidal
103998,non-suicidal
115300,non-suicidal
103219,suicidal
105528,suicidal
111326,suicidal
100407,non-suicidal
119874,suicidal
125032,suicidal
118212,suicidal
113445,suicidal
120710,suicidal
123962,non-suicidal
108651,non-suicidal
100386,non-suicidal
118138,non-suicidal
117993,suicidal
107949,non-suicidal
103749,non-suicidal
113329,non-suicidal
122993,suicidal
121387,non-suicidal
112557,non-suicidal
106201,suicidal
102203,suicidal
109297,non-suicidal
103845,non-suicidal
105396,suicidal
114455,non-suicidal
106570,non-suicidal
109457,non-suicidal
117515,non-suicidal
103210,non-suicidal
110660,non-suicidal
103098,non-suicidal
103080,non-suicidal
100443,non-suicidal
114378,suicidal
106691,non-suicidal
103315,non-suicidal
101261,suicidal
107808,non-suicidal
111249,suicidal
106925,non-suicidal
100410,non-suicidal
101106,suicidal
119252,non-suicidal
120314,suicidal
113812,non-suicidal
110577,non-suicidal
117334,non-suicidal
107584,non-suicidal
108636,non-suicidal
120942,suicidal
120557,non-suicidal
105944,non-suicidal
117072,suicidal
101635,non-suicidal
125445,suicidal
101213,suicidal
115764,non-suicidal
123276,suicidal
103806,suicidal
117500,non-suicidal
109066,non-suicidal
118284,non-suicidal
117288,suicidal
121819,non-suicidal
115241,suicidal
127307,non-suicidal
117896,non-suicidal
123034,non-suicidal
111118,suicidal
121250,non-suicidal
103833,non-suicidal
106903,non-suicidal
105743,non-suicidal
125563,non-suicidal
100839,suicidal
116926,suicidal
112200,non-suicidal
108588,suicidal
111396,non-suicidal
122846,non-suicidal
109812,non-suicidal
106959,suicidal
111275,suicidal
117432,suicidal
101101,non-suicidal
123005,suicidal
107254,non-suicidal
108615,suicidal
110731,non-suicidal
106974,non-suicidal
104966,non-suicidal
126656,non-suicidal
125031,suicidal
124843,non-suicidal
101694,suicidal
115143,non-suicidal
114068,suicidal
116368,suicidal
104945,suicidal
104245,non-suicidal
101761,non-suicidal
126143,non-suicidal
118654,non-suicidal
100556,non-suicidal
107534,non-suicidal
116889,suicidal
123628,non-suicidal
125470,suicidal
117978,non-suicidal
117130,non-suicidal
124519,suicidal
113698,suicidal
119233,non-suicidal
116382,non-suicidal
117203,non-suicidal
101631,non-suicidal
127202,suicidal
124765,suicidal
100830,non-suicidal
109792,non-suicidal
121614,suicidal
114377,non-suicidal
116434,non-suicidal
106009,suicidal
100729,non-suicidal
120627,non-suicidal
114422,non-suicidal
106600,suicidal
109378,suicidal
108697,non-suicidal
104278,non-suicidal
126907,suicidal
118220,suicidal
115959,suicidal
121800,non-suicidal
124505,suicidal
117672,suicidal
126830,non-suicidal
125120,non-suicidal
123894,suicidal
106803,suicidal
111581,non-suicidal
114023,suicidal
112646,non-suicidal
124602,non-suicidal
111568,non-suicidal
115888,non-suicidal
108220,non-suicidal
120150,suicidal
113433,non-suicidal
113415,non-suicidal
119075,suicidal
100680,suicidal
100260,non-suicidal
101153,suicidal
119074,suicidal
104302,suicidal
112232,suicidal
121168,non-suicidal
111343,suicidal
105861,non-suicidal
126009,suicidal
112394,non-suicidal
105243,non-suicidal
108260,suicidal
117320,non-suicidal
103145,non-suicidal
114618,suicidal
107814,suicidal
118093,suicidal
123188,suicidal
115378,suicidal
118356,suicidal
109802,suicidal
109624,non-suicidal
120425,non-suicidal
113782,suicidal
120318,non-suicidal
122622,suicidal
119906,non-suicidal
116909,non-suicidal
100088,non-suicidal
119486,suicidal
119433,suicidal
100369,non-suicidal
121468,suicidal
114640,non-suicidal
126173,suicidal
124914,suicidal
115845,suicidal
114101,suicidal
122745,suicidal
112343,suicidal
116383,non-suicidal
111357,suicidal
114013,suicidal
109246,suicidal
101671,suicidal
104464,non-suicidal
122433,suicidal
111148,suicidal
104429,non-suicidal
101217,non-suicidal
121211,non-suicidal
121909,non-suicidal
107402,non-suicidal
123296,non-suicidal
111496,suicidal
115862,suicidal
107056,suicidal
103390,suicidal
114395,suicidal
123733,non-suicidal
116162,suicidal
101989,suicidal
120770,suicidal
120437,suicidal
115447,suicidal
111302,non-suicidal
120478,suicidal
120963,non-suicidal
103321,suicidal
125785,suicidal
120186,suicidal
109846,suicidal
114476,suicidal
103506,non-suicidal
109494,suicidal
126526,suicidal
109932,suicidal
118600,suicidal
105678,non-suicidal
108696,suicidal
105435,suicidal
110391,suicidal
101597,suicidal
119663,non-suicidal
103055,suicidal
103042,suicidal
100502,suicidal
102378,non-suicidal
119456,suicidal
116887,non-suicidal
104571,non-suicidal
118589,suicidal
122864,non-suicidal
104772,suicidal
124124,non-suicidal
101569,suicidal
111490,non-suicidal
106824,non-suicidal
105054,suicidal
120688,suicidal
113462,non-suicidal
126715,suicidal
120903,non-suicidal
106141,suicidal
111509,suicidal
103088,non-suicidal
122621,non-suicidal
110038,suicidal
123801,suicidal
115696,suicidal
107538,non-suicidal
117381,non-suicidal
113388,suicidal
111685,non-suicidal
124146,suicidal
122961,non-suicidal
110188,non-suicidal
118165,suicidal
114822,non-suicidal
107096,suicidal
108596,suicidal
106242,non-suicidal
115443,suicidal
122450,suicidal
123464,suicidal
121563,suicidal
120467,non-suicidal
107599,suicidal
109756,non-suicidal
126014,suicidal
106519,non-suicidal
106382,non-suicidal
101465,non-suicidal
121215,non-suicidal
108835,suicidal
108876,non-suicidal
115090,non-suicidal
122525,suicidal
111029,suicidal
108015,non-suicidal
112728,non-suicidal
101430,non-suicidal
112781,non-suicidal
101169,non-suicidal
127283,suicidal
110942,suicidal
111465,non-suicidal
108008,suicidal
115318,non-suicidal
126923,suicidal
109998,non-suicidal
121172,non-suicidal
121198,suicidal
121489,suicidal
110088,non-suicidal
114986,non-suicidal
121531,suicidal
111107,suicidal
115252,non-suicidal
100616,suicidal
104312,suicidal
119146,suicidal
100559,non-suicidal
109965,non-suicidal
100426,non-suicidal
109843,non-suicidal
116302,non-suicidal
125775,non-suicidal
102433,non-suicidal
100871,suicidal
115758,suicidal
108998,non-suicidal
121193,non-suicidal
109449,suicidal
116464,suicidal
100785,suicidal
121036,non-suicidal
110605,non-suicidal
123565,non-suicidal
122582,non-suicidal
115745,non-suicidal
118162,non-suicidal
103369,non-suicidal
101230,suicidal
109612,suicidal
104035,non-suicidal
118559,non-suicidal
113776,suicidal
121625,non-suicidal
125687,non-suicidal
118034,suicidal
107705,non-suicidal
110378,suicidal
117820,non-suicidal
102836,non-suicidal
107657,non-suicidal
109125,non-suicidal
121252,suicidal
103079,non-suicidal
122809,suicidal
101733,non-suicidal
119097,suicidal
122297,suicidal
119482,non-suicidal
126744,non-suicidal
112571,non-suicidal
107014,non-suicidal
121895,suicidal
110604,suicidal
125808,suicidal
101113,non-suicidal
123623,suicidal
124198,non-suicidal
113845,suicidal
101609,suicidal
116604,suicidal
113841,suicidal
110532,non-suicidal
126455,non-suicidal
111714,suicidal
100510,non-suicidal
114726,non-suicidal
118532,suicidal
124824,non-suicidal
120350,non-suicidal
108490,suicidal
101429,non-suicidal
101986,suicidal
104300,non-suicidal
112217,suicidal
127317,suicidal
100865,non-suicidal
123082,suicidal
102425,non-suicidal
116763,suicidal
107121,non-suicidal
104383,suicidal
126742,non-suicidal
116241,non-suicidal
118317,suicidal
113790,non-suicidal
112431,suicidal
101351,suicidal
108908,non-suicidal
127296,non-suicidal
122231,non-suicidal
124563,non-suicidal
107348,non-suicidal
122522,non-suicidal
119444,suicidal
126352,non-suicidal
112911,non-suicidal
102767,non-suicidal
120062,suicidal
105463,suicidal
124706,suicidal
105158,non-suicidal
101581,non-suicidal
107516,suicidal
111738,non-suicidal
122918,non-suicidal
116558,suicidal
106797,suicidal
110067,suicidal
123618,non-suicidal
123245,suicidal
113148,suicidal
104037,non-suicidal
122073,suicidal
103741,suicidal
111516,suicidal
116478,non-suicidal
110006,non-suicidal
117967,non-suicidal
115706,non-suicidal
126871,suicidal
108109,non-suicidal
113932,suicidal
100140,non-suicidal
115124,non-suicidal
103536,non-suicidal
113135,non-suicidal
107531,non-suicidal
116234,suicidal
113331,non-suicidal
104887,non-suicidal
104659,suicidal
104823,non-suicidal
127029,non-suicidal
115494,non-suicidal
119552,non-suicidal
120601,non-suicidal
109662,suicidal
106687,non-suicidal
112281,suicidal
109594,suicidal
119668,suicidal
110392,non-suicidal
103807,suicidal
108077,non-suicidal
113669,suicidal
121127,suicidal
108216,suicidal
122406,suicidal
111749,suicidal
115345,suicidal
110607,non-suicidal
100762,non-suicidal
111666,non-suicidal
100026,non-suicidal
106023,non-suicidal
114164,non-suicidal
124760,suicidal
118718,suicidal
107810,non-suicidal
104134,suicidal
123372,suicidal
125131,suicidal
109227,non-suicidal
110155,non-suicidal
122598,non-suicidal
111835,suicidal
108024,non-suicidal
121590,non-suicidal
110718,suicidal
104811,non-suicidal
114721,non-suicidal
108544,non-suicidal
108569,non-suicidal
126394,suicidal
102736,suicidal
122720,suicidal
114970,suicidal
119040,non-suicidal
111459,non-suicidal
119798,suicidal
111016,suicidal
104020,suicidal
124757,non-suicidal
108853,suicidal
108042,non-suicidal
109747,suicidal
123378,non-suicidal
104140,non-suicidal
116122,non-suicidal
116311,suicidal
120272,non-suicidal
122575,suicidal
104439,non-suicidal
106456,non-suicidal
109326,non-suicidal
109034,non-suicidal
105144,non-suicidal
100395,suicidal
118762,non-suicidal
115921,non-suicidal
122909,non-suicidal
123430,suicidal
109220,non-suicidal
122318,non-suicidal
101000,suicidal
121020,suicidal
109634,non-suicidal
121322,non-suicidal
124048,non-suicidal
126000,suicidal
126999,suicidal
126251,non-suicidal
121259,suicidal
123387,non-suicidal
125910,suicidal
108371,suicidal
112251,suicidal
108357,non-suicidal
124345,non-suicidal
105544,suicidal
107428,suicidal
111505,suicidal
110939,non-suicidal
111534,suicidal
105167,non-suicidal
104738,suicidal
121812,non-suicidal
101338,non-suicidal
103934,suicidal
116556,suicidal
119703,non-suicidal
110727,non-suicidal
113300,non-suicidal
102808,non-suicidal
102606,non-suicidal
100726,suicidal
105607,non-suicidal
115247,non-suicidal
102860,suicidal
109652,non-suicidal
109026,non-suicidal
116800,suicidal
112487,suicidal
127189,non-suicidal
127170,suicidal
124283,non-suicidal
117914,non-suicidal
118482,suicidal
107321,suicidal
124260,suicidal
111652,non-suicidal
100768,non-suicidal
115010,suicidal
114997,non-suicidal
127053,suicidal
118657,non-suicidal
108318,suicidal
103320,suicidal
106563,non-suicidal
112597,non-suicidal
110024,suicidal
106276,non-suicidal
123722,suicidal
118866,suicidal
119981,suicidal
118208,suicidal
101745,non-suicidal
113147,non-suicidal
122431,suicidal
117561,suicidal
106749,suicidal
109471,non-suicidal
113595,non-suicidal
122703,non-suicidal
106530,non-suicidal
104896,non-suicidal
125723,non-suicidal
106358,non-suicidal
121873,suicidal
115663,non-suicidal
116057,non-suicidal
121538,suicidal
110498,non-suicidal
101276,non-suicidal
113820,suicidal
123146,non-suicidal
112897,suicidal
103760,suicidal
114540,non-suicidal
106353,non-suicidal
123747,suicidal
121838,non-suicidal
118000,suicidal
108021,suicidal
111299,non-suicidal
109337,suicidal
101790,non-suicidal
109534,suicidal
107930,non-suicidal
102296,suicidal
121617,non-suicidal
105311,non-suicidal
121665,suicidal
103656,suicidal
119416,suicidal
104899,suicidal
113618,non-suicidal
104298,suicidal
100753,suicidal
101146,non-suicidal
111853,suicidal
114456,suicidal
104892,suicidal
106597,non-suicidal
108031,non-suicidal
109064,non-suicidal
127438,non-suicidal
115549,suicidal
117683,non-suicidal
114181,non-suicidal
124737,suicidal
119677,non-suicidal
109403,suicidal
102186,suicidal
104259,suicidal
106311,non-suicidal
109317,suicidal
116980,non-suicidal
100681,non-suicidal
109739,non-suicidal
102207,suicidal
111520,non-suicidal
123156,suicidal
115934,non-suicidal
109084,non-suicidal
103979,non-suicidal
118511,suicidal
121512,non-suicidal
100979,suicidal
119875,suicidal
113914,suicidal
101373,non-suicidal
123001,suicidal
112776,suicidal
119381,non-suicidal
105783,suicidal
107718,suicidal
106225,suicidal
116935,suicidal
117254,non-suicidal
112544,non-suicidal
122850,suicidal
121677,non-suicidal
110838,suicidal
100435,suicidal
114134,non-suicidal
100192,suicidal
110539,suicidal
114234,suicidal
115719,suicidal
126572,suicidal
101971,suicidal
127281,suicidal
125283,non-suicidal
122464,non-suicidal
103231,suicidal
115507,non-suicidal
100881,non-suicidal
114074,suicidal
102850,non-suicidal
118386,non-suicidal
101155,non-suicidal
126391,suicidal
122997,suicidal
118234,suicidal
105784,non-suicidal
104058,suicidal
119694,non-suicidal
125884,suicidal
120666,non-suicidal
121004,non-suicidal
113319,suicidal
106025,suicidal
116612,suicidal
111286,suicidal
107800,non-suicidal
103416,suicidal
121075,non-suicidal
113040,non-suicidal
100547,suicidal
116513,non-suicidal
114903,non-suicidal
109308,non-suicidal
126666,non-suicidal
123711,non-suicidal
122311,non-suicidal
101242,suicidal
119945,suicidal
119831,non-suicidal
117577,suicidal
100892,non-suicidal
126949,suicidal
123643,non-suicidal
120245,suicidal
119107,suicidal
116743,non-suicidal
104733,non-suicidal
126136,suicidal
110382,suicidal
106983,suicidal
104616,suicidal
117643,suicidal
120359,non-suicidal
112386,suicidal
107983,suicidal
110270,non-suicidal
109409,non-suicidal
116826,non-suicidal
104368,non-suicidal
105131,suicidal
102922,suicidal
103351,non-suicidal
116025,non-suicidal
101058,non-suicidal
120612,suicidal
106140,suicidal
106443,suicidal
117513,non-suicidal
107714,non-suicidal
102135,suicidal
122002,non-suicidal
126799,non-suicidal
124027,suicidal
107181,non-suicidal
107070,non-suicidal
113505,suicidal
114365,non-suicidal
105901,non-suicidal
103530,suicidal
110211,suicidal
111895,non-suicidal
119655,suicidal
114352,suicidal
117563,non-suicidal
110906,suicidal
110345,suicidal
119301,suicidal
105917,suicidal
102920,suicidal
103096,non-suicidal
114012,non-suicidal
127390,suicidal
112822,non-suicidal
106743,suicidal
127437,non-suicidal
113085,non-suicidal
105592,non-suicidal
118828,non-suicidal
121984,suicidal
106919,non-suicidal
102196,non-suicidal
110768,non-suicidal
116292,suicidal
110775,suicidal
125826,non-suicidal
106272,non-suicidal
115168,suicidal
126768,non-suicidal
105823,non-suicidal
105643,non-suicidal
120154,suicidal
109602,suicidal
104909,suicidal
107299,non-suicidal
124147,non-suicidal
120944,suicidal
108237,non-suicidal
120240,suicidal
118328,suicidal
117888,non-suicidal
101270,non-suicidal
108639,non-suicidal
106665,suicidal
106148,suicidal
103725,non-suicidal
108290,non-suicidal
109089,non-suicidal
120076,non-suicidal
124884,suicidal
104711,non-suicidal
108132,non-suicidal
107641,non-suicidal
125225,non-suicidal
122755,suicidal
122533,suicidal
123827,suicidal
122125,non-suicidal
106722,suicidal
123365,non-suicidal
124693,non-suicidal
116821,suicidal
107568,suicidal
120005,non-suicidal
100576,suicidal
116438,suicidal
121562,non-suicidal
104488,suicidal
111123,suicidal
111780,suicidal
123940,suicidal
106447,non-suicidal
120714,suicidal
118947,suicidal
102739,non-suicidal
113593,suicidal
110019,suicidal
105173,non-suicidal
121652,non-suicidal
100509,non-suicidal
110923,suicidal
124419,suicidal
109071,non-suicidal
124270,suicidal
117044,non-suicidal
119693,non-suicidal
112549,non-suicidal
101837,suicidal
103769,non-suicidal
114339,suicidal
122965,non-suicidal
113048,non-suicidal
105154,non-suicidal
102924,suicidal
115493,non-suicidal
117971,suicidal
122697,suicidal
119492,suicidal
126662,suicidal
121338,non-suicidal
105381,non-suicidal
124961,suicidal
118994,non-suicidal
121571,non-suicidal
124302,non-suicidal
117145,non-suicidal
117959,non-suicidal
100292,non-suicidal
120009,non-suicidal
126987,non-suicidal
126681,suicidal
112731,non-suicidal
102940,non-suicidal
120177,non-suicidal
109672,suicidal
100198,non-suicidal
117154,non-suicidal
109611,non-suicidal
100730,non-suicidal
116977,non-suicidal
109431,non-suicidal
119165,non-suicidal
124702,non-suicidal
119860,suicidal
106399,non-suicidal
117186,non-suicidal
118603,suicidal
112917,non-suicidal
101492,non-suicidal
118102,non-suicidal
121683,non-suicidal
104765,non-suicidal
126093,non-suicidal
114060,suicidal
109625,suicidal
100143,suicidal
117274,non-suicidal
124402,non-suicidal
105722,suicidal
123501,suicidal
102883,non-suicidal
108163,non-suicidal
119719,suicidal
113620,suicidal
101103,non-suicidal
109454,non-suicidal
100766,non-suicidal
112647,suicidal
101120,suicidal
111800,suicidal
122240,non-suicidal
108161,suicidal
102240,non-suicidal
124773,suicidal
120254,suicidal
121401,non-suicidal
103766,non-suicidal
125450,suicidal
113175,non-suicidal
107202,non-suicidal
108067,non-suicidal
118287,non-suicidal
101987,suicidal
102172,non-suicidal
104191,non-suicidal
123154,suicidal
101513,suicidal
102236,suicidal
124622,non-suicidal
122252,non-suicidal
114804,suicidal
107902,suicidal
121074,non-suicidal
106461,suicidal
112802,non-suicidal
111915,non-suicidal
117308,suicidal
108145,non-suicidal
101399,non-suicidal
127208,suicidal
120517,non-suicidal
105492,non-suicidal
118413,suicidal
107968,non-suicidal
107344,non-suicidal
105730,non-suicidal
124123,suicidal
122520,non-suicidal
120763,non-suicidal
104393,suicidal
116129,non-suicidal
113647,suicidal
107380,non-suicidal
118047,non-suicidal
109111,non-suicidal
109007,suicidal
117456,suicidal
106081,suicidal
116580,non-suicidal
100317,non-suicidal
104192,suicidal
107050,suicidal
122840,non-suicidal
125835,non-suicidal
102112,non-suicidal
106642,suicidal
124219,non-suicidal
103448,non-suicidal
108937,non-suicidal
121868,suicidal
120825,suicidal
110478,suicidal
107422,suicidal
115056,suicidal
112586,non-suicidal
113783,suicidal
118604,non-suicidal
123395,suicidal
118191,non-suicidal
112450,non-suicidal
122203,non-suicidal
105145,suicidal
109211,non-suicidal
103729,suicidal
112832,suicidal
127155,non-suicidal
119567,non-suicidal
109835,suicidal
105788,suicidal
108865,suicidal
105717,suicidal
106624,non-suicidal
115996,non-suicidal
125779,suicidal
103622,non-suicidal
119826,non-suicidal
102577,suicidal
121510,non-suicidal
112061,suicidal
107853,suicidal
121330,non-suicidal
107046,non-suicidal
113128,non-suicidal
116632,non-suicidal
124051,non-suicidal
125518,non-suicidal
110365,non-suicidal
126842,suicidal
104691,suicidal
116960,suicidal
104885,non-suicidal
121927,suicidal
112955,non-suicidal
106060,suicidal
100565,suicidal
118425,non-suicidal
114371,suicidal
102874,non-suicidal
112443,non-suicidal
122876,non-suicidal
118576,suicidal
103376,non-suicidal
123912,suicidal
120288,non-suicidal
111839,suicidal
106780,suicidal
125222,suicidal
105483,non-suicidal
125559,suicidal
119388,non-suicidal
109042,suicidal
102334,non-suicidal
123599,suicidal
112937,suicidal
122163,suicidal
103704,suicidal
125331,suicidal
114595,suicidal
109083,suicidal
120078,suicidal
101836,suicidal
103195,suicidal
105577,non-suicidal
105998,non-suicidal
121179,suicidal
118498,suicidal
124904,suicidal
100584,suicidal
112351,non-suicidal
108321,suicidal
102927,suicidal
123081,non-suicidal
126774,suicidal
118306,suicidal
103829,suicidal
122988,non-suicidal
115848,non-suicidal
104271,non-suicidal
123737,non-suicidal
115961,suicidal
109663,non-suicidal
102261,suicidal
114549,non-suicidal
102609,suicidal
106977,suicidal
103724,non-suicidal
101906,suicidal
120679,suicidal
101649,non-suicidal
100166,suicidal
104183,non-suicidal
112363,suicidal
102528,suicidal
102502,non-suicidal
123426,suicidal
120102,non-suicidal
125227,suicidal
101240,non-suicidal
105329,suicidal
102470,non-suicidal
100185,suicidal
109701,non-suicidal
105656,non-suicidal
113322,non-suicidal
121925,non-suicidal
126406,non-suicidal
113340,suicidal
107894,non-suicidal
102404,non-suicidal
107972,suicidal
112202,suicidal
104679,non-suicidal
117927,suicidal
107488,non-suicidal
112821,non-suicidal
126501,suicidal
121024,suicidal
100827,suicidal
108748,non-suicidal
123679,non-suicidal
110407,non-suicidal
124831,suicidal
113199,suicidal
119828,non-suicidal
108179,suicidal
111882,non-suicidal
116766,non-suicidal
117238,non-suicidal
120292,non-suicidal
115415,suicidal
118219,non-suicidal
110973,non-suicidal
112858,suicidal
124714,suicidal
125173,non-suicidal
114712,suicidal
118417,non-suicidal
101171,suicidal
102012,non-suicidal
119854,non-suicidal
109974,non-suicidal
126438,non-suicidal
115875,non-suicidal
116277,non-suicidal
114291,suicidal
113497,suicidal
118400,non-suicidal
125466,non-suicidal
118638,non-suicidal
110387,non-suicidal
117305,suicidal
127443,suicidal
113027,suicidal
104169,suicidal
117832,suicidal
120124,suicidal
118371,non-suicidal
123327,suicidal
101264,suicidal
123165,non-suicidal
119471,suicidal
111828,non-suicidal
107875,non-suicidal
112222,non-suicidal
102972,suicidal
115423,non-suicidal
124197,non-suicidal
100886,suicidal
120432,non-suicidal
116420,non-suicidal
123098,suicidal
108438,suicidal
104088,suicidal
105147,suicidal
117087,non-suicidal
100019,non-suicidal
118341,suicidal
120498,suicidal
125187,suicidal
126107,suicidal
105915,non-suicidal
112630,non-suicidal
114661,non-suicidal
127086,suicidal
110127,suicidal
121244,non-suicidal
113262,suicidal
113169,suicidal
103271,suicidal
121251,non-suicidal
103265,non-suicidal
112985,suicidal
119106,suicidal
125282,non-suicidal
102547,suicidal
104661,non-suicidal
115401,non-suicidal
108486,suicidal
107528,non-suicidal
109583,non-suicidal
104529,non-suicidal
125798,suicidal
119685,suicidal
107883,suicidal
103726,non-suicidal
112924,suicidal
113080,suicidal
118156,suicidal
110344,suicidal
102742,suicidal
112812,non-suicidal
104998,suicidal
108367,suicidal
108211,suicidal
122578,non-suicidal
109517,suicidal
121781,suicidal
102848,suicidal
103267,suicidal
109346,suicidal
123878,non-suicidal
118283,suicidal
117003,suicidal
103684,suicidal
124047,suicidal
125198,suicidal
126737,suicidal
120893,suicidal
119411,non-suicidal
114622,suicidal
110431,non-suicidal
123411,non-suicidal
125039,non-suicidal
107951,suicidal
107783,suicidal
119623,suicidal
126912,non-suicidal
108069,suicidal
102847,suicidal
109773,suicidal
123897,suicidal
121714,suicidal
104261,non-suicidal
106091,suicidal
116176,non-suicidal
119954,suicidal
116918,non-suicidal
114050,suicidal
102270,suicidal
104769,suicidal
114187,suicidal
104880,suicidal
106773,suicidal
108181,suicidal
119082,non-suicidal
119435,non-suicidal
125101,suicidal
121728,non-suicidal
108286,non-suicidal
116996,suicidal
119841,non-suicidal
105728,non-suicidal
116527,suicidal
119911,suicidal
100956,non-suicidal
119079,suicidal
103601,suicidal
102663,suicidal
124039,suicidal
113803,suicidal
105520,non-suicidal
118844,non-suicidal
103903,suicidal
104105,non-suicidal
125839,non-suicidal
119419,non-suicidal
101128,suicidal
122282,non-suicidal
104436,non-suicidal
107386,non-suicidal
110641,suicidal
120051,non-suicidal
123380,non-suicidal
122227,non-suicidal
110383,suicidal
125592,suicidal
116194,non-suicidal
106805,suicidal
120858,suicidal
101988,non-suicidal
104015,suicidal
117270,suicidal
122390,non-suicidal
108393,non-suicidal
104667,non-suicidal
107682,suicidal
123947,suicidal
115664,suicidal
125122,non-suicidal
122885,suicidal
100880,non-suicidal
114088,suicidal
107586,non-suicidal
115746,suicidal
111025,non-suicidal
114613,non-suicidal
109548,suicidal
100373,suicidal
117146,non-suicidal
116286,suicidal
106134,non-suicidal
103624,suicidal
113286,suicidal
106004,suicidal
104052,suicidal
116927,non-suicidal
101611,non-suicidal
108548,non-suicidal
123096,suicidal
110570,suicidal
119121,non-suicidal
117708,suicidal
119360,non-suicidal
106310,non-suicidal
126601,non-suicidal
123329,suicidal
119713,suicidal
107946,suicidal
121850,suicidal
118715,non-suicidal
124619,suicidal
122795,non-suicidal
112079,non-suicidal
120306,non-suicidal
109764,non-suicidal
117066,suicidal
113659,non-suicidal
123248,non-suicidal
118574,non-suicidal
108964,non-suicidal
100243,suicidal
126031,non-suicidal
117006,suicidal
118314,suicidal
107644,non-suicidal
117339,suicidal
118890,suicidal
115073,suicidal
104619,non-suicidal
111658,non-suicidal
121451,suicidal
107879,non-suicidal
117457,suicidal
105229,non-suicidal
107086,suicidal
125682,suicidal
108426,suicidal
122327,suicidal
112835,suicidal
125979,non-suicidal
105276,non-suicidal
105466,suicidal
117635,suicidal
127362,non-suicidal
119190,non-suicidal
120851,non-suicidal
124624,non-suicidal
100579,suicidal
116713,suicidal
121898,suicidal
105029,suicidal
117732,suicidal
112657,non-suicidal
118275,non-suicidal
125475,suicidal
110945,suicidal
111356,suicidal
121666,non-suicidal
113004,suicidal
126338,non-suicidal
110520,non-suicidal
113246,suicidal
108016,suicidal
117152,non-suicidal
121937,non-suicidal
102733,non-suicidal
108903,suicidal
125069,suicidal
110245,suicidal
104974,non-suicidal
100064,suicidal
101602,non-suicidal
102127,non-suicidal
113818,non-suicidal
109925,non-suicidal
115455,suicidal
103030,non-suicidal
117364,non-suicidal
102079,suicidal
107313,non-suicidal
111393,suicidal
111689,suicidal
100971,suicidal
124649,suicidal
108788,non-suicidal
114634,non-suicidal
101249,non-suicidal
111192,suicidal
116158,non-suicidal
112957,non-suicidal
111566,non-suicidal
118562,non-suicidal
107382,suicidal
118238,non-suicidal
125362,suicidal
125409,suicidal
105933,non-suicidal
105280,non-suicidal
101766,suicidal
106727,non-suicidal
124226,suicidal
104445,non-suicidal
108721,non-suicidal
124793,suicidal
105362,suicidal
118714,non-suicidal
125804,non-suicidal
109368,non-suicidal
110804,non-suicidal
125872,non-suicidal
108004,non-suicidal
118613,suicidal
106567,suicidal
120941,suicidal
102813,suicidal
113223,suicidal
123582,non-suicidal
101192,non-suicidal
101717,non-suicidal
102144,suicidal
125973,suicidal
112368,non-suicidal
108968,non-suicidal
122434,suicidal
106365,suicidal
112814,suicidal
101994,suicidal
117220,suicidal
113651,non-suicidal
119298,non-suicidal
124308,non-suicidal
102219,non-suicidal
113295,suicidal
101488,suicidal
102342,non-suicidal
120787,suicidal
125961,non-suicidal
109312,non-suicidal
109590,non-suicidal
110357,non-suicidal
126858,suicidal
103406,non-suicidal
115297,suicidal
105688,suicidal
125750,non-suicidal
101862,non-suicidal
113811,suicidal
110890,non-suicidal
113058,non-suicidal
114570,suicidal
123228,non-suicidal
106908,suicidal
123991,suicidal
111951,non-suicidal
127167,suicidal
118484,suicidal
107035,non-suicidal
102368,non-suicidal
102210,non-suicidal
101291,non-suicidal
124256,suicidal
118344,suicidal
111262,suicidal
112082,suicidal
103380,non-suicidal
104636,suicidal
113230,non-suicidal
106832,suicidal
125780,suicidal
125848,suicidal
106921,suicidal
101538,non-suicidal
110869,suicidal
116880,suicidal
100134,suicidal
108631,suicidal
113673,suicidal
121678,suicidal
107558,non-suicidal
104274,suicidal
112403,suicidal
106196,non-suicidal
101271,suicidal
101228,suicidal
118203,suicidal
117798,suicidal
106040,non-suicidal
125646,suicidal
126913,non-suicidal
103706,non-suicidal
102906,non-suicidal
101161,non-suicidal
100275,suicidal
119420,suicidal
115317,suicidal
123889,non-suicidal
105834,suicidal
118335,suicidal
109732,suicidal
112850,non-suicidal
104678,non-suicidal
120353,non-suicidal
121159,non-suicidal
115562,suicidal
106741,non-suicidal
119277,non-suicidal
124193,suicidal
121587,suicidal
100825,suicidal
109341,non-suicidal
110776,non-suicidal
104645,suicidal
105358,suicidal
114474,suicidal
124122,non-suicidal
121847,non-suicidal
121844,non-suicidal
118927,suicidal
120923,suicidal
101104,suicidal
125840,suicidal
123842,suicidal
113287,non-suicidal
102950,suicidal
122614,non-suicidal
110707,non-suicidal
108574,suicidal
118959,non-suicidal
125667,non-suicidal
119660,non-suicidal
124719,non-suicidal
105694,non-suicidal
119648,non-suicidal
116667,suicidal
106381,non-suicidal
110192,suicidal
103597,suicidal
119915,suicidal
100462,suicidal
103224,suicidal
117554,suicidal
115476,non-suicidal
113275,suicidal
123905,non-suicidal
125150,suicidal
112805,non-suicidal
110810,suicidal
112857,non-suicidal
105508,non-suicidal
104884,suicidal
108497,non-suicidal
115614,non-suicidal
117258,non-suicidal
123208,suicidal
119604,suicidal
117236,non-suicidal
107156,suicidal
126506,suicidal
122899,suicidal
104768,non-suicidal
110603,non-suicidal
105755,non-suicidal
106798,suicidal
105842,non-suicidal
115638,non-suicidal
102286,suicidal
106268,suicidal
108802,suicidal
112072,non-suicidal
115045,non-suicidal
102949,non-suicidal
111363,suicidal
103901,non-suicidal
114406,suicidal
120093,non-suicidal
125205,non-suicidal
116581,suicidal
111137,non-suicidal
125192,suicidal
105891,suicidal
103024,suicidal
126510,non-suicidal
109847,suicidal
108262,non-suicidal
125767,suicidal
121695,non-suicidal
126425,suicidal
108887,non-suicidal
102496,suicidal
120708,non-suicidal
120548,suicidal
117571,non-suicidal
108863,suicidal
126104,non-suicidal
101938,non-suicidal
121014,suicidal
109365,non-suicidal
112826,suicidal
100313,non-suicidal
116485,non-suicidal
121329,suicidal
101928,non-suicidal
103062,suicidal
102039,non-suicidal
120351,suicidal
100409,suicidal
111452,suicidal
102463,non-suicidal
104987,suicidal
101789,non-suicidal
125992,non-suicidal
100305,non-suicidal
102608,suicidal
109867,non-suicidal
105589,non-suicidal
102103,non-suicidal
117189,suicidal
108030,suicidal
102317,non-suicidal
115335,suicidal
102128,non-suicidal
119070,non-suicidal
124891,non-suicidal
117492,suicidal
116920,suicidal
102566,non-suicidal
109877,suicidal
103043,suicidal
107859,suicidal
118178,non-suicidal
106368,non-suicidal
113118,non-suicidal
112189,non-suicidal
107746,suicidal
110648,suicidal
121411,non-suicidal
117928,suicidal
112212,suicidal
122466,suicidal
116913,suicidal
116210,non-suicidal
102452,non-suicidal
105648,non-suicidal
111047,non-suicidal
106845,suicidal
115137,non-suicidal
103721,suicidal
100344,non-suicidal
120490,suicidal
116288,non-suicidal
106489,non-suicidal
108417,suicidal
117542,suicidal
117157,non-suicidal
104284,suicidal
106251,suicidal
124476,suicidal
115394,suicidal
104008,non-suicidal
106436,non-suicidal
127258,non-suicidal
109826,non-suicidal
101773,non-suicidal
122647,non-suicidal
117129,suicidal
122853,non-suicidal
122305,non-suicidal
100005,non-suicidal
102804,non-suicidal
114217,suicidal
111626,suicidal
121230,non-suicidal
111968,non-suicidal
112749,suicidal
110228,suicidal
121918,suicidal
100060,non-suicidal
125696,suicidal
123044,suicidal
116931,non-suicidal
107925,suicidal
124813,non-suicidal
121359,suicidal
106599,suicidal
102701,suicidal
115980,non-suicidal
113574,non-suicidal
107233,suicidal
124943,suicidal
122417,suicidal
108567,non-suicidal
125490,non-suicidal
121201,suicidal
108916,non-suicidal
121528,suicidal
115337,suicidal
106210,suicidal
114533,non-suicidal
112898,non-suicidal
111121,non-suicidal
107962,suicidal
114692,suicidal
123089,suicidal
117109,non-suicidal
120820,non-suicidal
117891,suicidal
104422,suicidal
106583,non-suicidal
115217,suicidal
111701,suicidal
102902,suicidal
101451,non-suicidal
107833,non-suicidal
105724,non-suicidal
121840,non-suicidal
120013,non-suicidal
120213,non-suicidal
111796,non-suicidal
121514,non-suicidal
127141,non-suicidal
125738,suicidal
118160,suicidal
113145,suicidal
114762,non-suicidal
122349,suicidal
101952,non-suicidal
109859,non-suicidal
113789,non-suicidal
118964,non-suicidal
117060,suicidal
111561,non-suicidal
100970,non-suicidal
120736,non-suicidal
105948,non-suicidal
120703,suicidal
106802,non-suicidal
105606,suicidal
113109,non-suicidal
125851,suicidal
106278,suicidal
101414,suicidal
127025,suicidal
109838,suicidal
101889,non-suicidal
104019,non-suicidal
124586,non-suicidal
114901,non-suicidal
103181,suicidal
109919,suicidal
107727,non-suicidal
125758,suicidal
127380,non-suicidal
123396,non-suicidal
117859,non-suicidal
117369,suicidal
117994,non-suicidal
100498,non-suicidal
127346,suicidal
116267,suicidal
114062,suicidal
115420,non-suicidal
114143,suicidal
110015,suicidal
127429,suicidal
108561,suicidal
122695,non-suicidal
119667,non-suicidal
117477,suicidal
116136,non-suicidal
112216,suicidal
123307,non-suicidal
112293,non-suicidal
115563,non-suicidal
123580,non-suicidal
115927,suicidal
115543,suicidal
114303,suicidal
107871,non-suicidal
124407,suicidal
110097,non-suicidal
121700,non-suicidal
116076,non-suicidal
111727,non-suicidal
123752,non-suicidal
104493,non-suicidal
105991,suicidal
111330,non-suicidal
102102,non-suicidal
100467,non-suicidal
116514,non-suicidal
120965,suicidal
105440,non-suicidal
124136,non-suicidal
121997,non-suicidal
112778,non-suicidal
102841,suicidal
124021,non-suicidal
123264,non-suicidal
106931,non-suicidal
111203,non-suicidal
120921,non-suicidal
120810,suicidal
109309,non-suicidal
114925,non-suicidal
105854,suicidal
122044,suicidal
105871,non-suicidal
114596,non-suicidal
107992,suicidal
106157,suicidal
108495,non-suicidal
114664,non-suicidal
104865,suicidal
124626,non-suicidal
100859,suicidal
114411,non-suicidal
112931,non-suicidal
117887,suicidal
122100,non-suicidal
101924,non-suicidal
104947,suicidal
109888,non-suicidal
104453,non-suicidal
123446,suicidal
101575,suicidal
102562,suicidal
103498,suicidal
104720,non-suicidal
111475,suicidal
113779,suicidal
117550,suicidal
112210,non-suicidal
122624,non-suicidal
111039,non-suicidal
121240,suicidal
101697,suicidal
120209,non-suicidal
123362,non-suicidal
126928,suicidal
122030,non-suicidal
103838,non-suicidal
109765,non-suicidal
123712,suicidal
116433,non-suicidal
104360,suicidal
109896,non-suicidal
101266,suicidal
103874,suicidal
114468,suicidal
122561,suicidal
112173,non-suicidal
100497,suicidal
111448,non-suicidal
103954,non-suicidal
122498,non-suicidal
118350,non-suicidal
116660,non-suicidal
126348,suicidal
109340,suicidal
123236,suicidal
122526,non-suicidal
123338,suicidal
112215,non-suicidal
117160,non-suicidal
110511,suicidal
123126,non-suicidal
106972,non-suicidal
126296,suicidal
123205,suicidal
122166,non-suicidal
123610,non-suicidal
118147,suicidal
100591,non-suicidal
119684,non-suicidal
107617,suicidal
122377,non-suicidal
125089,non-suicidal
107421,non-suicidal
120505,non-suicidal
121976,non-suicidal
104969,suicidal
121220,non-suicidal
120849,non-suicidal
113248,suicidal
118199,suicidal
118631,non-suicidal
100173,suicidal
114764,suicidal
114845,non-suicidal
122336,non-suicidal
125279,suicidal
118157,suicidal
122302,non-suicidal
104983,non-suicidal
104743,non-suicidal
119472,non-suicidal
117041,suicidal
126336,suicidal
124944,non-suicidal
106988,suicidal
115333,suicidal
113850,non-suicidal
103373,suicidal
109924,suicidal
111571,suicidal
101470,suicidal
119272,non-suicidal
110257,non-suicidal
105782,non-suicidal
119038,suicidal
127294,non-suicidal
119288,non-suicidal
111947,suicidal
102614,non-suicidal
114646,non-suicidal
101877,suicidal
112479,suicidal
126982,suicidal
106981,non-suicidal
100553,suicidal
109264,non-suicidal
127400,non-suicidal
103868,non-suicidal
109669,non-suicidal
121519,non-suicidal
118057,suicidal
109037,suicidal
115352,non-suicidal
111654,non-suicidal
118166,suicidal
125913,suicidal
107296,non-suicidal
103842,suicidal
123631,suicidal
101200,non-suicidal
109388,suicidal
118928,suicidal
113254,non-suicidal
105740,suicidal
100332,non-suicidal
104215,suicidal
113064,non-suicidal
125322,non-suicidal
112726,non-suicidal
106419,non-suicidal
122338,suicidal
110535,suicidal
121945,suicidal
108247,non-suicidal
111625,non-suicidal
110022,non-suicidal
120220,suicidal
115698,suicidal
121610,non-suicidal
106590,non-suicidal
100755,non-suicidal
112255,non-suicidal
122392,non-suicidal
108803,non-suicidal
120606,suicidal
123577,suicidal
107047,non-suicidal
105393,suicidal
103183,non-suicidal
102238,suicidal
125817,non-suicidal
119175,suicidal
101304,suicidal
119525,suicidal
126750,suicidal
112169,non-suicidal
123846,suicidal
126054,suicidal
109532,non-suicidal
110997,suicidal
124431,suicidal
115712,suicidal
100138,non-suicidal
115844,non-suicidal
126182,suicidal
109051,non-suicidal
124792,suicidal
119485,non-suicidal
112714,non-suicidal
126236,suicidal
118176,non-suicidal
108513,suicidal
118211,non-suicidal
112756,non-suicidal
112493,suicidal
119722,suicidal
103212,suicidal
113925,suicidal
124474,non-suicidal
113076,non-suicidal
101667,non-suicidal
122460,suicidal
106634,suicidal
101466,suicidal
113176,suicidal
118975,suicidal
111313,non-suicidal
107798,suicidal
107993,non-suicidal
125485,suicidal
102923,non-suicidal
125766,non-suicidal
102026,suicidal
100074,non-suicidal
100375,non-suicidal
103665,non-suicidal
126699,non-suicidal
125564,non-suicidal
119250,suicidal
117885,non-suicidal
126424,non-suicidal
104039,non-suicidal
122668,suicidal
105089,suicidal
120475,suicidal
112098,non-suicidal
124590,suicidal
125357,suicidal
121712,suicidal
118289,non-suicidal
114993,suicidal
101335,non-suicidal
119734,suicidal
124981,non-suicidal
126210,suicidal
101753,non-suicidal
125675,non-suicidal
106968,suicidal
127057,suicidal
115413,suicidal
110672,suicidal
118855,suicidal
120614,suicidal
127111,non-suicidal
118515,non-suicidal
114943,non-suicidal
106862,non-suicidal
119661,suicidal
111515,suicidal
116153,suicidal
127462,non-suicidal
110276,suicidal
123718,suicidal
103298,suicidal
116624,suicidal
125212,non-suicidal
106793,non-suicidal
115870,suicidal
117743,suicidal
121283,suicidal
104411,non-suicidal
126640,suicidal
124196,suicidal
113612,suicidal
105792,suicidal
119281,suicidal
102569,non-suicidal
121321,suicidal
126900,suicidal
108833,non-suicidal
113285,non-suicidal
106346,non-suicidal
101319,suicidal
119412,suicidal
126384,suicidal
112241,suicidal
111015,non-suicidal
105531,suicidal
112616,non-suicidal
125856,suicidal
125221,suicidal
100068,non-suicidal
102028,non-suicidal
104825,suicidal
101215,non-suicidal
125418,non-suicidal
120356,suicidal
119916,non-suicidal
111794,non-suicidal
114180,non-suicidal
118474,non-suicidal
114707,suicidal
125303,suicidal
115788,non-suicidal
109741,suicidal
112016,suicidal
124589,non-suicidal
101508,suicidal
109861,suicidal
113072,suicidal
123214,suicidal
125242,suicidal
125429,suicidal
113960,non-suicidal
112993,suicidal
104605,suicidal
120980,non-suicidal
113186,suicidal
101233,non-suicidal
120147,non-suicidal
124268,non-suicidal
124269,suicidal
101350,suicidal
119965,suicidal
119517,non-suicidal
114655,suicidal
113204,suicidal
123763,non-suicidal
111797,non-suicidal
106941,suicidal
100618,non-suicidal
111014,suicidal
111572,suicidal
103134,suicidal
111164,non-suicidal
123473,suicidal
106255,suicidal
113645,non-suicidal
102393,non-suicidal
112679,suicidal
103904,suicidal
115191,non-suicidal
114991,suicidal
107485,non-suicidal
114687,non-suicidal
102584,suicidal
122933,non-suicidal
103893,non-suicidal
116255,suicidal
123761,suicidal
100413,non-suicidal
106118,suicidal
125489,suicidal
102107,suicidal
108281,suicidal
121574,suicidal
113224,suicidal
113218,suicidal
108989,non-suicidal
117527,non-suicidal
115649,suicidal
111677,suicidal
101443,non-suicidal
123779,non-suicidal
127259,non-suicidal
103980,suicidal
117545,non-suicidal
117823,suicidal
107548,suicidal
124384,suicidal
112702,non-suicidal
108404,suicidal
126314,non-suicidal
124434,suicidal
102084,non-suicidal
118196,suicidal
105319,suicidal
103860,suicidal
127354,non-suicidal
116614,non-suicidal
123857,suicidal
123666,non-suicidal
123243,non-suicidal
105681,suicidal
122452,non-suicidal
109336,non-suicidal
103700,suicidal
126344,non-suicidal
107397,non-suicidal
119123,non-suicidal
122237,suicidal
118152,non-suicidal
124960,suicidal
121692,non-suicidal
111996,non-suicidal
107300,suicidal
122174,non-suicidal
108905,suicidal
113495,non-suicidal
117453,suicidal
123348,non-suicidal
108359,suicidal
109502,suicidal
103442,suicidal
103641,suicidal
119199,suicidal
105703,non-suicidal
120707,suicidal
103507,non-suicidal
119508,suicidal
126301,suicidal
121167,suicidal
119415,non-suicidal
125256,suicidal
114254,non-suicidal
117915,non-suicidal
118968,non-suicidal
111693,non-suicidal
103407,non-suicidal
112770,suicidal
113527,suicidal
116574,suicidal
109562,suicidal
107063,suicidal
102517,non-suicidal
102444,non-suicidal
125207,suicidal
108339,non-suicidal
117757,non-suicidal
112801,non-suicidal
110543,suicidal
104802,suicidal
120592,non-suicidal
117138,non-suicidal
104655,non-suicidal
120659,suicidal
118948,non-suicidal
114643,suicidal
118132,suicidal
110481,suicidal
122345,suicidal
104151,suicidal
102533,suicidal
111875,suicidal
106612,suicidal
121044,suicidal
103105,suicidal
118880,suicidal
118019,suicidal
126209,non-suicidal
102871,non-suicidal
115199,non-suicidal
106796,non-suicidal
105014,non-suicidal
100852,suicidal
111454,suicidal
124282,non-suicidal
115370,non-suicidal
120628,suicidal
114112,suicidal
127125,suicidal
109473,suicidal
123736,suicidal
106331,suicidal
111759,non-suicidal
111151,suicidal
123538,non-suicidal
123463,suicidal
103125,non-suicidal
121820,suicidal
121286,non-suicidal
111173,non-suicidal
105486,non-suicidal
110586,non-suicidal
121987,non-suicidal
101730,non-suicidal
101328,suicidal
123474,suicidal
116831,suicidal
107463,suicidal
120908,suicidal
122319,non-suicidal
112883,suicidal
121875,suicidal
119701,non-suicidal
108935,suicidal
104301,suicidal
115013,suicidal
119328,non-suicidal
123663,suicidal
108130,suicidal
111436,non-suicidal
110645,non-suicidal
127463,suicidal
119043,suicidal
124012,non-suicidal
116741,suicidal
117574,suicidal
119752,non-suicidal
121021,non-suicidal
119771,non-suicidal
107177,suicidal
101653,non-suicidal
116736,non-suicidal
124441,non-suicidal
127301,suicidal
120224,non-suicidal
112260,suicidal
117178,suicidal
116366,non-suicidal
123680,suicidal
104758,non-suicidal
124106,suicidal
110443,non-suicidal
113573,suicidal
121971,suicidal
113298,suicidal
123855,non-suicidal
108151,non-suicidal
119938,suicidal
106980,non-suicidal
127422,suicidal
113657,non-suicidal
121579,non-suicidal
124178,non-suicidal
104968,suicidal
105754,non-suicidal
111337,non-suicidal
119045,non-suicidal
104197,non-suicidal
100231,suicidal
118541,non-suicidal
123587,non-suicidal
109648,suicidal
117119,non-suicidal
124628,non-suicidal
125620,suicidal
110028,non-suicidal
126933,non-suicidal
119315,non-suicidal
104390,suicidal
122542,suicidal
113603,non-suicidal
119259,non-suicidal
112601,non-suicidal
117022,suicidal
109683,non-suicidal
109882,non-suicidal
105604,non-suicidal
106153,suicidal
110194,non-suicidal
117813,non-suicidal
122437,suicidal
120325,non-suicidal
113411,non-suicidal
126366,non-suicidal
108493,non-suicidal
100119,suicidal
126383,suicidal
100867,non-suicidal
109392,non-suicidal
119321,suicidal
102114,suicidal
105735,non-suicidal
124153,non-suicidal
112424,suicidal
100216,non-suicidal
105042,suicidal
120182,non-suicidal
104120,suicidal
110183,suicidal
117613,non-suicidal
125199,non-suicidal
114650,suicidal
124397,suicidal
126220,non-suicidal
113540,suicidal
122851,suicidal
100450,suicidal
111169,non-suicidal
116569,suicidal
123673,non-suicidal
113277,suicidal
111840,suicidal
127203,suicidal
109953,non-suicidal
110515,non-suicidal
115587,non-suicidal
106536,suicidal
100099,suicidal
106864,non-suicidal
116963,suicidal
114702,suicidal
122642,non-suicidal
102538,suicidal
125164,non-suicidal
100537,non-suicidal
121548,suicidal
109693,suicidal
115408,suicidal
123759,non-suicidal
117975,suicidal
107356,non-suicidal
100215,non-suicidal
105108,suicidal
108305,suicidal
124103,suicidal
121312,suicidal
115913,suicidal
110695,non-suicidal
124923,suicidal
109906,suicidal
112271,non-suicidal
125860,suicidal
110271,suicidal
100750,non-suicidal
111653,non-suicidal
125794,suicidal
108453,non-suicidal
107188,suicidal
105169,suicidal
114197,non-suicidal
127355,non-suicidal
100992,non-suicidal
100428,non-suicidal
113042,non-suicidal
112829,suicidal
102324,non-suicidal
106870,suicidal
106504,suicidal
100836,non-suicidal
117826,non-suicidal
120411,non-suicidal
100965,suicidal
101207,suicidal
111464,non-suicidal
126103,suicidal
126628,non-suicidal
112880,suicidal
122058,non-suicidal
102399,suicidal
112071,suicidal
113062,non-suicidal
126168,suicidal
105789,suicidal
115541,non-suicidal
101251,non-suicidal
115139,suicidal
100942,suicidal
118213,non-suicidal
110924,non-suicidal
113352,suicidal
121679,non-suicidal
126801,suicidal
110854,suicidal
104484,non-suicidal
113297,non-suicidal
110717,suicidal
106846,non-suicidal
104921,non-suicidal
104242,suicidal
123638,suicidal
127195,suicidal
122500,suicidal
107185,suicidal
100581,suicidal
119008,suicidal
121516,non-suicidal
126730,non-suicidal
125535,suicidal
109840,non-suicidal
112075,suicidal
120368,suicidal
124396,non-suicidal
120269,non-suicidal
104574,suicidal
109628,non-suicidal
108202,suicidal
116721,suicidal
105118,suicidal
110908,non-suicidal
122157,suicidal
103026,suicidal
116193,suicidal
126617,non-suicidal
122473,non-suicidal
119236,non-suicidal
104323,suicidal
104456,suicidal
126961,suicidal
111255,non-suicidal
108071,non-suicidal
105129,non-suicidal
114168,suicidal
108279,suicidal
116149,non-suicidal
112649,suicidal
121936,suicidal
101626,non-suicidal
104585,non-suicidal
113170,non-suicidal
101873,suicidal
108458,non-suicidal
115356,non-suicidal
115264,non-suicidal
103576,suicidal
120619,suicidal
115641,non-suicidal
125681,non-suicidal
125184,non-suicidal
110617,non-suicidal
108350,suicidal
104198,suicidal
119164,non-suicidal
111427,non-suicidal
104995,non-suicidal
120962,suicidal
108896,suicidal
105850,non-suicidal
103503,suicidal
127334,suicidal
105860,suicidal
119098,suicidal
111976,non-suicidal
118797,non-suicidal
127139,suicidal
105378,suicidal
100404,suicidal
116940,suicidal
114727,non-suicidal
119155,non-suicidal
125710,suicidal
119258,non-suicidal
117341,non-suicidal
122149,non-suicidal
113867,non-suicidal
122325,suicidal
126518,non-suicidal
104423,suicidal
116885,suicidal
109189,suicidal
117213,non-suicidal
114480,non-suicidal
114870,suicidal
111805,non-suicidal
116562,suicidal
108287,suicidal
110759,suicidal
119055,non-suicidal
116815,non-suicidal
116538,suicidal
108870,non-suicidal
106064,suicidal
121955,non-suicidal
101760,suicidal
102758,suicidal
101055,suicidal
107676,non-suicidal
122294,non-suicidal
102960,suicidal
100523,non-suicidal
121260,non-suicidal
102603,non-suicidal
114837,suicidal
109439,non-suicidal
108411,non-suicidal
101775,suicidal
108294,non-suicidal
113194,suicidal
119789,non-suicidal
125477,non-suicidal
110937,non-suicidal
122259,non-suicidal
123745,non-suicidal
113658,non-suicidal
112948,non-suicidal
110649,suicidal
114995,suicidal
118701,suicidal
124321,suicidal
109742,non-suicidal
123528,non-suicidal
124116,non-suicidal
107631,suicidal
110447,suicidal
126914,suicidal
105252,suicidal
109483,non-suicidal
111715,non-suicidal
117307,suicidal
101258,non-suicidal
122236,non-suicidal
106866,non-suicidal
101623,non-suicidal
106168,suicidal
104582,suicidal
101193,non-suicidal
114454,non-suicidal
114351,suicidal
126197,suicidal
117609,non-suicidal
101706,suicidal
109982,suicidal
124090,non-suicidal
115268,non-suicidal
113838,non-suicidal
106589,non-suicidal
103451,suicidal
127298,non-suicidal
111447,non-suicidal
113933,non-suicidal
119840,suicidal
121477,non-suicidal
108147,non-suicidal
108123,non-suicidal
111119,non-suicidal
114326,non-suicidal
107976,suicidal
123660,suicidal
114495,suicidal
118882,non-suicidal
100911,non-suicidal
107306,suicidal
104216,non-suicidal
115294,suicidal
105819,non-suicidal
124175,suicidal
101711,suicidal
113666,suicidal
126307,suicidal
100284,non-suicidal
109593,non-suicidal
103032,non-suicidal
118188,non-suicidal
116602,non-suicidal
119143,suicidal
114098,suicidal
124497,suicidal
123604,suicidal
103608,suicidal
118445,suicidal
123475,non-suicidal
114713,non-suicidal
120375,non-suicidal
104826,non-suicidal
109788,non-suicidal
105876,suicidal
120561,non-suicidal
106978,non-suicidal
126090,non-suicidal
112711,suicidal
110708,suicidal
124717,suicidal
113888,non-suicidal
106842,suicidal
107896,suicidal
123593,suicidal
101539,suicidal
102642,suicidal
118671,non-suicidal
116711,suicidal
108592,suicidal
107355,suicidal
103278,non-suicidal
101202,non-suicidal
106540,suicidal
113265,suicidal
108449,suicidal
106552,non-suicidal
119484,suicidal
111036,suicidal
108518,suicidal
104926,non-suicidal
106526,suicidal
103492,suicidal
107815,non-suicidal
101392,suicidal
107435,suicidal
113136,non-suicidal
102417,suicidal
100135,suicidal
104779,suicidal
125888,non-suicidal
103495,non-suicidal
102386,suicidal
125280,non-suicidal
101858,suicidal
107600,non-suicidal
110830,suicidal
113541,non-suicidal
126724,non-suicidal
122172,suicidal
113560,suicidal
116706,suicidal
107608,non-suicidal
109015,suicidal
111456,suicidal
119966,non-suicidal
102934,suicidal
116115,suicidal
115568,non-suicidal
122558,non-suicidal
120886,suicidal
113796,non-suicidal
113764,non-suicidal
104314,suicidal
116099,suicidal
120247,non-suicidal
105710,non-suicidal
112527,suicidal
114104,non-suicidal
114095,non-suicidal
113427,suicidal
103382,non-suicidal
107405,non-suicidal
113606,non-suicidal
124976,non-suicidal
115346,suicidal
103511,suicidal
126958,suicidal
112201,non-suicidal
115821,non-suicidal
105910,non-suicidal
109939,non-suicidal
113416,suicidal
116712,non-suicidal
124102,non-suicidal
120916,suicidal
123425,non-suicidal
114488,suicidal
100176,non-suicidal
118754,non-suicidal
102151,suicidal
117787,non-suicidal
125916,non-suicidal
118090,suicidal
126088,suicidal
124150,non-suicidal
108401,suicidal
114780,non-suicidal
104639,suicidal
101187,non-suicidal
114349,non-suicidal
111264,non-suicidal
102915,suicidal
119027,non-suicidal
120060,suicidal
124274,suicidal
100364,non-suicidal
116853,non-suicidal
127096,non-suicidal
110755,non-suicidal
112640,non-suicidal
116032,non-suicidal
118021,non-suicidal
100527,suicidal
103095,suicidal
114679,non-suicidal
102992,suicidal
116186,suicidal
102045,non-suicidal
115925,suicidal
119948,suicidal
104737,non-suicidal
109200,suicidal
119963,non-suicidal
116947,suicidal
118508,suicidal
106326,suicidal
118173,suicidal
123600,suicidal
115348,suicidal
122699,suicidal
117147,non-suicidal
118679,suicidal
125760,non-suicidal
123731,suicidal
122380,non-suicidal
125617,non-suicidal
119302,non-suicidal
102180,suicidal
104564,non-suicidal
104813,non-suicidal
105541,suicidal
122523,suicidal
117016,non-suicidal
104726,non-suicidal
101069,suicidal
119557,non-suicidal
114950,suicidal
111547,suicidal
118922,suicidal
112792,suicidal
107984,suicidal
119343,suicidal
111529,suicidal
100638,non-suicidal
115344,non-suicidal
122414,suicidal
118724,non-suicidal
116675,non-suicidal
123419,non-suicidal
118720,non-suicidal
108966,suicidal
107149,non-suicidal
112605,non-suicidal
113143,suicidal
108800,non-suicidal
122269,non-suicidal
119952,non-suicidal
118159,suicidal
117734,suicidal
118971,suicidal
123161,suicidal
100245,suicidal
110747,non-suicidal
117050,non-suicidal
127165,suicidal
116028,non-suicidal
108295,non-suicidal
122292,non-suicidal
103408,suicidal
123849,suicidal
112346,suicidal
105804,non-suicidal
101073,non-suicidal
115747,suicidal
114122,non-suicidal
106214,suicidal
117319,suicidal
100568,non-suicidal
117067,suicidal
106779,suicidal
113387,non-suicidal
125871,non-suicidal
119802,suicidal
109718,suicidal
101135,non-suicidal
103421,non-suicidal
111478,non-suicidal
120981,non-suicidal
122591,non-suicidal
112986,suicidal
113646,non-suicidal
100821,non-suicidal
115769,suicidal
119468,suicidal
100203,suicidal
103691,suicidal
118056,non-suicidal
102340,non-suicidal
122061,non-suicidal
126139,suicidal
121059,suicidal
112686,suicidal
102343,non-suicidal
119219,non-suicidal
118596,suicidal
120791,suicidal
126430,non-suicidal
102770,suicidal
119294,suicidal
108480,non-suicidal
123865,suicidal
112786,suicidal
119337,suicidal
110739,non-suicidal
119742,suicidal
120109,suicidal
121106,suicidal
110011,suicidal
108712,non-suicidal
103371,suicidal
109021,suicidal
110777,suicidal
109137,non-suicidal
126602,suicidal
124326,non-suicidal
102882,non-suicidal
122859,non-suicidal
105745,suicidal
104710,non-suicidal
105566,non-suicidal
101425,suicidal
116541,suicidal
123933,suicidal
110399,non-suicidal
105418,suicidal
107559,non-suicidal
117247,non-suicidal
104870,suicidal
115793,non-suicidal
126962,suicidal
124835,non-suicidal
127470,suicidal
110968,suicidal
104520,suicidal
125636,suicidal
127445,suicidal
106400,suicidal
123740,non-suicidal
117224,non-suicidal
110269,non-suicidal
123153,suicidal
117124,non-suicidal
126427,suicidal
103476,suicidal
122759,non-suicidal
116111,non-suicidal
112765,suicidal
102431,suicidal
118003,non-suicidal
113623,suicidal
113895,suicidal
117136,non-suicidal
105066,suicidal
120984,non-suicidal
101005,suicidal
118288,non-suicidal
116666,non-suicidal
103305,non-suicidal
122287,non-suicidal
113549,non-suicidal
112411,non-suicidal
101939,suicidal
118095,non-suicidal
119574,non-suicidal
113517,non-suicidal
120358,suicidal
106126,suicidal
116681,suicidal
105288,suicidal
101917,non-suicidal
117430,suicidal
111638,non-suicidal
108725,non-suicidal
121398,suicidal
110796,non-suicidal
118896,non-suicidal
122705,non-suicidal
102656,non-suicidal
126537,non-suicidal
127229,suicidal
120969,suicidal
114509,suicidal
113191,suicidal
109118,non-suicidal
126967,suicidal
106446,suicidal
122186,non-suicidal
119545,non-suicidal
102652,suicidal
102809,suicidal
119160,suicidal
109332,suicidal
104840,non-suicidal
101520,suicidal
115319,non-suicidal
103642,suicidal
114270,non-suicidal
102962,non-suicidal
104400,suicidal
116411,non-suicidal
123742,non-suicidal
120882,non-suicidal
107228,suicidal
107218,non-suicidal
107734,non-suicidal
106038,suicidal
109228,non-suicidal
125991,non-suicidal
114344,suicidal
118993,suicidal
111263,suicidal
109413,suicidal
125379,suicidal
108334,non-suicidal
127297,suicidal
124948,suicidal
126286,non-suicidal
116557,suicidal
104640,suicidal
122179,non-suicidal
101722,suicidal
108743,non-suicidal
119242,non-suicidal
106250,non-suicidal
107130,suicidal
109874,non-suicidal
113053,non-suicidal
111171,suicidal
116096,non-suicidal
110792,suicidal
106856,non-suicidal
118390,suicidal
118453,non-suicidal
106809,non-suicidal
118303,suicidal
104181,suicidal
120412,non-suicidal
106930,suicidal
119564,non-suicidal
103588,non-suicidal
115136,non-suicidal
118042,non-suicidal
125402,suicidal
105706,non-suicidal
112013,non-suicidal
101871,suicidal
108861,suicidal
105470,non-suicidal
103221,suicidal
115053,suicidal
111002,suicidal
119580,non-suicidal
124728,suicidal
110750,suicidal
124810,suicidal
103678,suicidal
119879,suicidal
114483,non-suicidal
126280,suicidal
120409,suicidal
115763,non-suicidal
109936,suicidal
123884,suicidal
103770,suicidal
100883,suicidal
124344,non-suicidal
119818,suicidal
111560,non-suicidal
112392,suicidal
111141,suicidal
112425,non-suicidal
110421,non-suicidal
105620,suicidal
117248,non-suicidal
110915,non-suicidal
115547,suicidal
104042,suicidal
113238,suicidal
116223,non-suicidal
105950,suicidal
113717,suicidal
126875,non-suicidal
108114,non-suicidal
118830,non-suicidal
118978,non-suicidal
114947,suicidal
108214,suicidal
109077,suicidal
107266,non-suicidal
103632,non-suicidal
110625,suicidal
110283,non-suicidal
122175,suicidal
119400,non-suicidal
109505,non-suicidal
117536,suicidal
121967,non-suicidal
122096,suicidal
100472,non-suicidal
118923,suicidal
109567,suicidal
119002,suicidal
108947,suicidal
111700,non-suicidal
122389,non-suicidal
114553,non-suicidal
114163,suicidal
116304,suicidal
108693,suicidal
119994,non-suicidal
108192,non-suicidal
115358,suicidal
125869,suicidal
126521,suicidal
122977,suicidal
119509,suicidal
110129,non-suicidal
111810,suicidal
124299,suicidal
118872,suicidal
109569,suicidal
124712,suicidal
126418,non-suicidal
121269,non-suicidal
113977,suicidal
119133,non-suicidal
120097,suicidal
102031,suicidal
101181,suicidal
109493,suicidal
105551,non-suicidal
124537,non-suicidal
102985,suicidal
101828,non-suicidal
119266,suicidal
103938,suicidal
106690,non-suicidal
110462,suicidal
108379,non-suicidal
116594,non-suicidal
102635,suicidal
121676,suicidal
103973,non-suicidal
120786,non-suicidal
116561,non-suicidal
119440,suicidal
109157,non-suicidal
109194,suicidal
125805,suicidal
125893,suicidal
102833,suicidal
118920,non-suicidal
120939,suicidal
101922,non-suicidal
105216,suicidal
108484,suicidal
111997,suicidal
106440,non-suicidal
111105,suicidal
107921,suicidal
104364,suicidal
106357,non-suicidal
126574,non-suicidal
118723,non-suicidal
115063,non-suicidal
109762,suicidal
120096,non-suicidal
102265,suicidal
107234,suicidal
107747,suicidal
124285,suicidal
116113,suicidal
127410,suicidal
119675,non-suicidal
120046,non-suicidal
108444,non-suicidal
126462,non-suicidal
104908,suicidal
109678,suicidal
102756,suicidal
121150,suicidal
115820,suicidal
123682,non-suicidal
103141,non-suicidal
117548,non-suicidal
103347,non-suicidal
107606,non-suicidal
106584,non-suicidal
103772,suicidal
112644,non-suicidal
108278,suicidal
111163,suicidal
107836,non-suicidal
116487,non-suicidal
125355,suicidal
116732,suicidal
102817,non-suicidal
102400,non-suicidal
105822,suicidal
122802,suicidal
107214,suicidal
109790,non-suicidal
124817,suicidal
115500,suicidal
125947,non-suicidal
107349,suicidal
116266,suicidal
116421,suicidal
122038,non-suicidal
107201,non-suicidal
125574,suicidal
116770,non-suicidal
114250,suicidal
113078,non-suicidal
121930,non-suicidal
113309,suicidal
102851,non-suicidal
106679,non-suicidal
105225,suicidal
114171,suicidal
122429,suicidal
103164,suicidal
113525,suicidal
105034,suicidal
104676,suicidal
122416,non-suicidal
104613,suicidal
106425,non-suicidal
101140,non-suicidal
110375,suicidal
114524,suicidal
115928,non-suicidal
111089,non-suicidal
106723,non-suicidal
108036,non-suicidal
119971,non-suicidal
101778,non-suicidal
100793,suicidal
119056,suicidal
126990,suicidal
106790,non-suicidal
107592,suicidal
123696,suicidal
124107,suicidal
102541,suicidal
121422,non-suicidal
122446,suicidal
125511,suicidal
110542,suicidal
119453,suicidal
115288,non-suicidal
119609,non-suicidal
121816,suicidal
123829,non-suicidal
107971,non-suicidal
125686,suicidal
104604,non-suicidal
102043,non-suicidal
112707,non-suicidal
102015,non-suicidal
108263,non-suicidal
107551,non-suicidal
110560,non-suicidal
113542,suicidal
111040,non-suicidal
113131,suicidal
100577,non-suicidal
124575,non-suicidal
110860,non-suicidal
118625,suicidal
106524,suicidal
115945,non-suicidal
120193,non-suicidal
113694,suicidal
115006,non-suicidal
120090,suicidal
122743,suicidal
122208,non-suicidal
110444,non-suicidal
125400,non-suicidal
120733,suicidal
125248,suicidal
102588,non-suicidal
119964,non-suicidal
121949,non-suicidal
105291,non-suicidal
112870,suicidal
118008,suicidal
105542,non-suicidal
114632,suicidal
103201,non-suicidal
121376,non-suicidal
122532,suicidal
116870,non-suicidal
115646,suicidal
105741,suicidal
122639,non-suicidal
104662,suicidal
106418,non-suicidal
121369,non-suicidal
114471,non-suicidal
114248,suicidal
117297,non-suicidal
123658,non-suicidal
108162,non-suicidal
110348,non-suicidal
124323,suicidal
100011,non-suicidal
122747,suicidal
102036,suicidal
114496,suicidal
115583,non-suicidal
106674,suicidal
107108,suicidal
118902,non-suicidal
123167,non-suicidal
117105,non-suicidal
122637,suicidal
114695,non-suicidal
113084,non-suicidal
105424,suicidal
115860,suicidal
109653,suicidal
115037,suicidal
107716,non-suicidal
126891,non-suicidal
100320,suicidal
113055,non-suicidal
107936,non-suicidal
116426,non-suicidal
124485,non-suicidal
120113,suicidal
117470,non-suicidal
110082,suicidal
110980,suicidal
125816,non-suicidal
105019,non-suicidal
102622,suicidal
100969,suicidal
109622,suicidal
121963,suicidal
102550,suicidal
103885,non-suicidal
125038,suicidal
103116,non-suicidal
111846,suicidal
106216,non-suicidal
104266,suicidal
107796,non-suicidal
115892,non-suicidal
118254,non-suicidal
105224,suicidal
112572,non-suicidal
113791,non-suicidal
112355,suicidal
111209,suicidal
102374,non-suicidal
118938,suicidal
102140,suicidal
107446,non-suicidal
121121,suicidal
111353,non-suicidal
122854,suicidal
116340,suicidal
102721,suicidal
115666,non-suicidal
117501,suicidal
103974,non-suicidal
113842,non-suicidal
124608,suicidal
116406,non-suicidal
114239,non-suicidal
124408,non-suicidal
125728,non-suicidal
114975,non-suicidal
121297,suicidal
104829,suicidal
124105,non-suicidal
114486,suicidal
111742,suicidal
125054,non-suicidal
127041,non-suicidal
125753,suicidal
115331,non-suicidal
121000,non-suicidal
100263,non-suicidal
110982,non-suicidal
116015,suicidal
101572,non-suicidal
119131,non-suicidal
124430,suicidal
117380,suicidal
111825,suicidal
114044,suicidal
104864,suicidal
111259,suicidal
117774,non-suicidal
110132,suicidal
123164,suicidal
112114,non-suicidal
106630,non-suicidal
105603,non-suicidal
106344,suicidal
104648,non-suicidal
113600,non-suicidal
116747,non-suicidal
107511,suicidal
111664,suicidal
121331,non-suicidal
117827,suicidal
112767,suicidal
102027,suicidal
120715,suicidal
124024,suicidal
113360,non-suicidal
102737,non-suicidal
123832,suicidal
109306,suicidal
102411,non-suicidal
104359,non-suicidal
126099,suicidal
116258,suicidal
115206,non-suicidal
109198,suicidal
122040,suicidal
123363,non-suicidal
116204,suicidal
120891,suicidal
117621,suicidal
112762,suicidal
114467,non-suicidal
102047,suicidal
104385,suicidal
104320,suicidal
119174,non-suicidal
109787,suicidal
100720,suicidal
105985,non-suicidal
120935,non-suicidal
109050,non-suicidal
117487,non-suicidal
118426,non-suicidal
115627,non-suicidal
106512,suicidal
101533,suicidal
115291,non-suicidal
107532,non-suicidal
104401,non-suicidal
118943,suicidal
107395,non-suicidal
115120,non-suicidal
106912,suicidal
101663,non-suicidal
111498,suicidal
114123,suicidal
116726,suicidal
107343,suicidal
113624,non-suicidal
120738,suicidal
110735,suicidal
114963,non-suicidal
118308,non-suicidal
125049,non-suicidal
121529,non-suicidal
108455,suicidal
111426,non-suicidal
106605,non-suicidal
114238,non-suicidal
107698,suicidal
109329,suicidal
112929,non-suicidal
125176,non-suicidal
106820,suicidal
106707,suicidal
116116,suicidal
125483,suicidal
108704,non-suicidal
123111,non-suicidal
120802,suicidal
123328,suicidal
119708,suicidal
122785,suicidal
116166,suicidal
104038,non-suicidal
126993,suicidal
124528,non-suicidal
101083,non-suicidal
103613,suicidal
107015,non-suicidal
112996,non-suicidal
104207,non-suicidal
124083,suicidal
127031,non-suicidal
108630,suicidal
101342,suicidal
101455,non-suicidal
100264,non-suicidal
124985,non-suicidal
109801,suicidal
110134,suicidal
111129,non-suicidal
123450,non-suicidal
123896,suicidal
108153,non-suicidal
106480,non-suicidal
106654,suicidal
127480,non-suicidal
115354,suicidal
105084,suicidal
115097,suicidal
102325,suicidal
116733,non-suicidal
117579,non-suicidal
107049,non-suicidal
112247,suicidal
107922,non-suicidal
108545,suicidal
120594,non-suicidal
102123,suicidal
101991,non-suicidal
102765,suicidal
122816,suicidal
114621,non-suicidal
125285,non-suicidal
112542,non-suicidal
112806,non-suicidal
111142,suicidal
123980,non-suicidal
119514,non-suicidal
116504,suicidal
104235,suicidal
107953,suicidal
106813,non-suicidal
122750,suicidal
103984,non-suicidal
123616,suicidal
116655,suicidal
109641,non-suicidal
112309,non-suicidal
118043,non-suicidal
111204,suicidal
108528,non-suicidal
110993,suicidal
115749,non-suicidal
105346,suicidal
125382,non-suicidal
117675,non-suicidal
107640,suicidal
120019,non-suicidal
103902,non-suicidal
125284,non-suicidal
116393,suicidal
104598,non-suicidal
105422,non-suicidal
110342,suicidal
114944,non-suicidal
124242,suicidal
111524,suicidal
121750,suicidal
117338,suicidal
126735,non-suicidal
115651,suicidal
120717,suicidal
116060,non-suicidal
100288,non-suicidal
108732,suicidal
112196,suicidal
116643,non-suicidal
119862,non-suicidal
105967,non-suicidal
125160,non-suicidal
104508,suicidal
120132,non-suicidal
119193,suicidal
126728,suicidal
114059,non-suicidal
114334,suicidal
100056,suicidal
103486,suicidal
115684,suicidal
123500,non-suicidal
118274,suicidal
126626,suicidal
122690,non-suicidal
107376,non-suicidal
124643,suicidal
101265,suicidal
124990,non-suicidal
110381,suicidal
126195,suicidal
113983,non-suicidal
101059,non-suicidal
123135,suicidal
100853,non-suicidal
100550,suicidal
117214,non-suicidal
100136,non-suicidal
123062,suicidal
117361,non-suicidal
118670,suicidal
122482,suicidal
127391,non-suicidal
115118,non-suicidal
100104,suicidal
109057,non-suicidal
108602,suicidal
124142,non-suicidal
115351,non-suicidal
101244,suicidal
105248,suicidal
123640,non-suicidal
102223,non-suicidal
108131,suicidal
126599,suicidal
103235,non-suicidal
114208,non-suicidal
104338,non-suicidal
117693,non-suicidal
125301,suicidal
113916,non-suicidal
102548,non-suicidal
103190,suicidal
120694,suicidal
123221,non-suicidal
113922,suicidal
109425,suicidal
123578,suicidal
100175,non-suicidal
116577,suicidal
100569,non-suicidal
108663,suicidal
101048,suicidal
122538,suicidal
106770,non-suicidal
105734,suicidal
101353,suicidal
121515,non-suicidal
111716,suicidal
100402,suicidal
122239,suicidal
100648,suicidal
105003,non-suicidal
126752,non-suicidal
111400,suicidal
104689,non-suicidal
123570,non-suicidal
112555,suicidal
114657,suicidal
116131,suicidal
112655,non-suicidal
109879,non-suicidal
107776,non-suicidal
103813,non-suicidal
115744,suicidal
103851,non-suicidal
118688,suicidal
127004,non-suicidal
100842,suicidal
117229,suicidal
114863,suicidal
126467,suicidal
112052,suicidal
110729,suicidal
121615,non-suicidal
105473,non-suicidal
120874,suicidal
108902,suicidal
108705,suicidal
111649,non-suicidal
120691,non-suicidal
114840,suicidal
103102,non-suicidal
102849,suicidal
109632,suicidal
122775,non-suicidal
118564,non-suicidal
120731,suicidal
114786,non-suicidal
119240,non-suicidal
111328,suicidal
100727,non-suicidal
115211,suicidal
109478,non-suicidal
112641,non-suicidal
102367,non-suicidal
106149,non-suicidal
119261,non-suicidal
107677,non-suicidal
113045,non-suicidal
100421,non-suicidal
125042,non-suicidal
102000,suicidal
101084,non-suicidal
104327,suicidal
126390,suicidal
104759,non-suicidal
114090,non-suicidal
111462,non-suicidal
105538,non-suicidal
102854,non-suicidal
103626,suicidal
101500,non-suicidal
120202,suicidal
108621,suicidal
100113,non-suicidal
118066,non-suicidal
101205,non-suicidal
104804,non-suicidal
119606,non-suicidal
115686,suicidal
125455,suicidal
120017,suicidal
120533,suicidal
115739,non-suicidal
114627,suicidal
126934,suicidal
105032,suicidal
119502,non-suicidal
121921,non-suicidal
101750,non-suicidal
103820,non-suicidal
116312,non-suicidal
124818,suicidal
120237,suicidal
117461,suicidal
114103,suicidal
110579,non-suicidal
122810,suicidal
114576,suicidal
125163,suicidal
102796,suicidal
113219,suicidal
119711,suicidal
126685,non-suicidal
115918,non-suicidal
118214,suicidal
109842,suicidal
124320,suicidal
109710,suicidal
110813,suicidal
114591,non-suicidal
126727,suicidal
113528,suicidal
107926,suicidal
102355,suicidal
105546,non-suicidal
120504,non-suicidal
104732,non-suicidal
116496,non-suicidal
120604,non-suicidal
107008,non-suicidal
106765,non-suicidal
104815,suicidal
113733,suicidal
101880,suicidal
104118,non-suicidal
123984,non-suicidal
105026,non-suicidal
102494,non-suicidal
108644,suicidal
111257,non-suicidal
118888,suicidal
124638,non-suicidal
100362,non-suicidal
115503,suicidal
112971,non-suicidal
120912,non-suicidal
113815,non-suicidal
113267,non-suicidal
122332,suicidal
109017,non-suicidal
101669,non-suicidal
105279,suicidal
119967,non-suicidal
106782,suicidal
112610,non-suicidal
114416,suicidal
100485,non-suicidal
104858,suicidal
112783,non-suicidal
113592,non-suicidal
119451,suicidal
124763,non-suicidal
108538,non-suicidal
106429,non-suicidal
112700,suicidal
110003,suicidal
108675,non-suicidal
105690,non-suicidal
105491,non-suicidal
124521,suicidal
122354,non-suicidal
104325,non-suicidal
107483,non-suicidal
116846,non-suicidal
100900,suicidal
111559,non-suicidal
122329,suicidal
105791,non-suicidal
105712,suicidal
118509,suicidal
114478,suicidal
105283,suicidal
119296,non-suicidal
121513,non-suicidal
120805,suicidal
105866,suicidal
100388,non-suicidal
100266,suicidal
113168,suicidal
104889,non-suicidal
107118,non-suicidal
108035,suicidal
116755,non-suicidal
115170,non-suicidal
121002,non-suicidal
101191,non-suicidal
116696,suicidal
117015,non-suicidal
104270,non-suicidal
115004,suicidal
114384,suicidal
120574,non-suicidal
106720,suicidal
101262,suicidal
123134,suicidal
109078,non-suicidal
114652,suicidal
120749,non-suicidal
102532,suicidal
101458,non-suicidal
120378,non-suicidal
103841,suicidal
110933,suicidal
107244,non-suicidal
125298,suicidal
116314,non-suicidal
123966,suicidal
121449,non-suicidal
104030,suicidal
107191,suicidal
126694,non-suicidal
109568,non-suicidal
123856,suicidal
109627,non-suicidal
125529,non-suicidal
123050,non-suicidal
112287,non-suicidal
116784,non-suicidal
105187,suicidal
100983,suicidal
107523,suicidal
121117,suicidal
116502,suicidal
103994,non-suicidal
116630,suicidal
102970,suicidal
124213,non-suicidal
104468,suicidal
113201,suicidal
117688,suicidal
109268,suicidal
115269,non-suicidal
108137,non-suicidal
104150,suicidal
126723,non-suicidal
102831,non-suicidal
114775,suicidal
103203,non-suicidal
118351,suicidal
113239,non-suicidal
104347,non-suicidal
109723,suicidal
102209,suicidal
109587,non-suicidal
104695,non-suicidal
125841,non-suicidal
101032,non-suicidal
105272,non-suicidal
106772,suicidal
121416,non-suicidal
116765,non-suicidal
119334,suicidal
106761,suicidal
105826,non-suicidal
117222,non-suicidal
127223,suicidal
112148,suicidal
119201,non-suicidal
106564,non-suicidal
125251,suicidal
125887,non-suicidal
102567,non-suicidal
108288,suicidal
102478,suicidal
111673,non-suicidal
108177,non-suicidal
122896,suicidal
123811,non-suicidal
126102,non-suicidal
100551,non-suicidal
102175,non-suicidal
123364,suicidal
122244,suicidal
112529,non-suicidal
109440,non-suicidal
114230,non-suicidal
108011,non-suicidal
102313,suicidal
123337,non-suicidal
119515,non-suicidal
110448,non-suicidal
126898,suicidal
105051,non-suicidal
100552,suicidal
101757,suicidal
108457,non-suicidal
121638,non-suicidal
112365,non-suicidal
106902,suicidal
117020,non-suicidal
113814,suicidal
123273,suicidal
115377,non-suicidal
111932,non-suicidal
121212,suicidal
119642,non-suicidal
114834,non-suicidal
102617,suicidal
127148,non-suicidal
111590,suicidal
124328,non-suicidal
117299,suicidal
121496,suicidal
105839,non-suicidal
102990,non-suicidal
122023,suicidal
117009,non-suicidal
116289,non-suicidal
119286,suicidal
126487,non-suicidal
119207,non-suicidal
118081,suicidal
124882,non-suicidal
117815,suicidal
106005,non-suicidal
102712,non-suicidal
116045,suicidal
103234,non-suicidal
124979,suicidal
112106,non-suicidal
113342,suicidal
114671,non-suicidal
121518,suicidal
122462,suicidal
119849,non-suicidal
109029,suicidal
115343,suicidal
116578,non-suicidal
126753,suicidal
120172,suicidal
123524,non-suicidal
116503,suicidal
119270,non-suicidal
117211,non-suicidal
123130,suicidal
125590,suicidal
115994,non-suicidal
108310,non-suicidal
102348,non-suicidal
111237,suicidal
114053,suicidal
109460,non-suicidal
122688,suicidal
102235,suicidal
107510,non-suicidal
106531,suicidal
117821,suicidal
100108,non-suicidal
105373,non-suicidal
117998,suicidal
124170,suicidal
120725,suicidal
126984,suicidal
115907,non-suicidal
114941,suicidal
113674,suicidal
103002,suicidal
105318,suicidal
109737,suicidal
106463,non-suicidal
125396,suicidal
102887,non-suicidal
104960,non-suicidal
115122,non-suicidal
112514,non-suicidal
106940,non-suicidal
106899,non-suicidal
106285,suicidal
123863,suicidal
